,v4,v3,v2,v1
1,,,Second Event,Initial Event
2,,,Second Event,Initial Event
3,,,Second Event,Initial Event
4,Third Event,Third Event,Second Event,Initial Event
5,,,Second Event; test event,Initial Event
6,,,Second Event,
7,,,Second Event,
8,,,,
9,,,,
10,,,,
11,,,,
12,,,,
13,,,,
14,,,,
15,,,,
16,,,,
17,,added config,Fifth Event,Fifth Event
18,,added config,Fifth Event,Fifth Event
19,,,Fifth Event,Fifth Event
20,,,Fifth Event,Fifth Event
21,,,,
22,,,,
23,,,,
24,,,,
25,,,,
26,,,,
27,,,,
28,,,,
29,,,,
30,Fourth Event,Fourth Event,Fourth Event,Fourth Event
31,Fourth Event,Fourth Event,Fourth Event,Fourth Event
